"Order","Family","genus_or_species_n_rows","total_n_rows","percentage","num_genera_without_genus_value","num_genera_without_genus_value_with_real_names","num_rows_in_real_genera","num_SSBS_in_real_genera","avg_rows_per_SSBS_in_real_genera","countries_by_frequency"
"Hemiptera","Achilidae",486,657,0.74,28,3,186,21,8.85714285714286,"Brazil, Gabon"
"Hemiptera","Achilixiidae",9,9,1,1,1,9,9,1,"Brazil"
"Orthoptera","Acrididae",8149,15389,0.53,154,121,7753,786,9.86386768447837,"South Africa, France, United States, Australia, Hungary, United Republic of Tanzania, Switzerland, Japan, Nicaragua, Greece, Kenya, Brazil, Gabon"
"Diptera","Acroceridae",26,55,0.47,2,2,26,26,1,"South Africa, Canada"
"Lepidoptera","Acrolophidae",168,194,0.87,1,1,168,90,1.86666666666667,"United States"
"Lepidoptera","Adelidae",108,148,0.73,1,1,108,108,1,"United Kingdom"
"Coleoptera","Aderidae",12,884,0.01,1,1,12,12,1,"Gabon"
"Odonata","Aeshnidae",30,30,1,5,5,30,12,2.5,"Indonesia, India"
"Hymenoptera","Agaonidae",48,48,1,4,1,12,12,1,"Gabon"
"Diptera","Agromyzidae",375,909,0.41,14,14,375,68,5.51470588235294,"Canada, Germany, Serbia, United States"
"Hemiptera","Alydidae",70,352,0.2,3,3,70,70,1,"Hungary, Australia, Gabon"
"Hymenoptera","Andrenidae",750,25439,0.03,8,8,750,250,3,"United States, Serbia, Canada, Brazil, Switzerland"
"Coleoptera","Anobiidae",578,1848,0.31,9,9,578,346,1.67052023121387,"New Zealand, Brazil, Canada, Spain, Gabon, United Kingdom"
"Coleoptera","Anthicidae",339,1373,0.25,5,5,339,274,1.23722627737226,"New Zealand, Brazil, Gabon"
"Hemiptera","Anthocoridae",374,1080,0.35,4,4,374,222,1.68468468468468,"Portugal, United Kingdom, Gabon"
"Diptera","Anthomyiidae",702,846,0.83,13,13,702,93,7.54838709677419,"Germany, New Zealand, Gabon, United Kingdom"
"Coleoptera","Anthribidae",964,1630,0.59,6,6,964,265,3.6377358490566,"New Zealand, Gabon"
"Hymenoptera","Aphelinidae",12,162,0.07,1,1,12,12,1,"Gabon"
"Hemiptera","Aphididae",2400,3682,0.65,16,16,2400,232,10.3448275862069,"Portugal, Serbia, Australia"
"Coleoptera","Aphodiidae",406,4147,0.1,17,17,406,249,1.63052208835341,"Portugal, France, Italy, Egypt, New Zealand, United Kingdom, Brazil, Mexico"
"Hemiptera","Aphrophoridae",28,1183,0.02,2,2,28,28,1,"Australia, Gabon"
"Hymenoptera","Apidae",5609,52835,0.11,67,67,5609,824,6.80703883495146,"Colombia, Brazil, United States, Australia, Thailand, Belize, Mexico, Gabon, Peru, Serbia, Bolivia, Germany, Ecuador, Argentina, South Africa, Switzerland, Italy"
"Coleoptera","Apionidae",120,2593,0.05,4,4,120,48,2.5,"Hungary, Gabon"
"Hemiptera","Aradidae",12,330,0.04,1,1,12,12,1,"Gabon"
"Lepidoptera","Arctiidae",3839,5536,0.69,21,21,3839,233,16.4763948497854,"United States, New Zealand, Nicaragua"
"Hymenoptera","Argidae",74,74,1,1,1,74,37,2,"Germany, United Kingdom"
"Diptera","Asilidae",588,866,0.68,49,1,12,12,1,"Gabon"
"Coleoptera","Attelabidae",27,69,0.39,2,2,27,27,1,"Kenya, Gabon"
"Hymenoptera","Aulacidae",12,12,1,1,1,12,12,1,"Gabon"
"Ephemeroptera","Baetidae",12,71,0.17,1,1,12,12,1,"Gabon"
"Hymenoptera","Bethylidae",12,339,0.04,1,1,12,12,1,"Gabon"
"Diptera","Bibionidae",193,433,0.45,3,3,193,193,1,"United Kingdom, New Zealand, Germany, Gabon"
"Coleoptera","Biphyllidae",12,75,0.16,1,1,12,12,1,"Gabon"
"Lepidoptera","Blastobasidae",90,837,0.11,2,2,90,90,1,"United States"
"Blattodea","Blattidae",4,386,0.01,1,1,4,4,1,"Nigeria"
"Lepidoptera","Bombycidae",288,317,0.91,2,2,288,144,2,"United States"
"Diptera","Bombyliidae",100,214,0.47,3,3,100,71,1.40845070422535,"Germany, Switzerland, Gabon"
"Coleoptera","Bostrichidae",255,626,0.41,4,4,255,250,1.02,"New Zealand, Gabon, Spain"
"Coleoptera","Bothrideridae",184,417,0.44,4,4,184,174,1.05747126436782,"Portugal, Gabon, Spain, United Kingdom"
"Hymenoptera","Braconidae",267,1634,0.16,13,13,267,47,5.68085106382979,"New Zealand, Kenya, Gabon"
"Coleoptera","Brentidae",61,453,0.13,3,3,61,61,1,"Hungary, New Zealand, Spain"
"Lepidoptera","Bucculatricidae",2,106,0.02,1,1,2,2,1,"Serbia"
"Coleoptera","Buprestidae",286,1796,0.16,6,6,286,250,1.144,"New Zealand, Gabon, Spain"
"Coleoptera","Byrrhidae",12,1671,0.01,1,1,12,12,1,"Gabon"
"Psocodea","Caeciliusidae",260,324,0.8,1,1,260,260,1,"Portugal, United Kingdom"
"Hemiptera","Caliscelidae",206,288,0.72,2,2,206,82,2.51219512195122,"Hungary"
"Diptera","Calliphoridae",1136,1846,0.62,23,23,1136,157,7.23566878980892,"Germany, New Zealand, Argentina, Canada, Brazil, Gabon, United Kingdom, United States"
"Odonata","Calopterygidae",18,24,0.75,2,2,18,12,1.5,"Indonesia, India"
"Coleoptera","Cantharidae",197,6306,0.03,4,4,197,143,1.37762237762238,"United Kingdom, Brazil, Gabon, New Zealand, Argentina"
"Coleoptera","Carabidae",7465,49846,0.15,94,94,7465,901,8.28523862375139,"New Zealand, Portugal, Belgium, Italy, Australia, Namibia, Spain, Canada, France, Japan, Brazil, Gabon, Hungary, Tunisia, China, Denmark, Poland"
"Diptera","Cecidomyiidae",132,1075,0.12,3,3,132,120,1.1,"United Kingdom, Gabon"
"Coleoptera","Cerambycidae",2418,9751,0.25,36,36,2418,460,5.25652173913043,"New Zealand, Hungary, Gabon, Brazil, Japan, Benin, Burkina Faso, Spain, Israel"
"Hymenoptera","Ceraphronidae",12,182,0.07,1,1,12,12,1,"Gabon"
"Hemiptera","Ceratocombidae",12,112,0.11,1,1,12,12,1,"Gabon"
"Diptera","Ceratopogonidae",120,1197,0.1,2,2,120,120,1,"United Kingdom, Gabon"
"Hemiptera","Cercopidae",24,343,0.07,2,2,24,12,2,"Gabon"
"Coleoptera","Cerylonidae",32,851,0.04,2,2,32,32,1,"New Zealand, Gabon"
"Coleoptera","Cetoniidae",1171,2037,0.57,13,3,83,13,6.38461538461539,"Brazil, Colombia"
"Hymenoptera","Chalcididae",726,1177,0.62,60,2,30,30,1,"New Zealand, Gabon"
"Diptera","Chironomidae",212,1520,0.14,7,7,212,140,1.51428571428571,"United Kingdom, New Zealand, Gabon"
"Odonata","Chlorocyphidae",48,48,1,5,5,48,12,4,"Indonesia, India"
"Diptera","Chloropidae",830,1328,0.62,30,30,830,76,10.9210526315789,"Canada, Germany, United States, New Zealand, Gabon"
"Lepidoptera","Choreutidae",152,152,1,1,1,152,152,1,"Portugal"
"Hymenoptera","Chrysididae",12,437,0.03,1,1,12,12,1,"Gabon"
"Coleoptera","Chrysomelidae",2529,15818,0.16,122,29,1413,571,2.47460595446585,"United Kingdom, Gabon, Hungary, New Zealand, Brazil, Kenya"
"Neuroptera","Chrysopidae",59,346,0.17,4,4,59,35,1.68571428571429,"Gabon, Kenya, United Kingdom"
"Hemiptera","Cicadellidae",3416,19285,0.18,44,44,3416,694,4.92219020172911,"Hungary, Guatemala, Brazil, United Kingdom, Portugal, Australia, Gabon, New Zealand, Kenya"
"Hemiptera","Cicadidae",59,103,0.57,2,2,59,41,1.4390243902439,"Brazil, New Zealand, Gabon"
"Coleoptera","Ciidae",192,3089,0.06,1,1,192,192,1,"Portugal"
"Hymenoptera","Cimbicidae",29,29,1,1,1,29,29,1,"Germany"
"Hemiptera","Cixiidae",429,2464,0.17,25,7,213,139,1.53237410071942,"Hungary, New Zealand, Gabon, Australia, Brazil"
"Coleoptera","Clambidae",20,984,0.02,1,1,20,20,1,"New Zealand"
"Coleoptera","Cleridae",527,2410,0.22,22,4,311,284,1.09507042253521,"New Zealand, Brazil, Switzerland, Gabon"
"Diptera","Clusiidae",24,57,0.42,2,2,24,6,4,"Canada, United States"
"Coleoptera","Coccinellidae",569,8434,0.07,46,13,173,35,4.94285714285714,"Mexico, Brazil, Gabon, United Kingdom"
"Diptera","Coelopidae",9,9,1,1,1,9,9,1,"Canada"
"Odonata","Coenagrionidae",116,191,0.61,9,9,116,50,2.32,"Indonesia, New Zealand, India"
"Lepidoptera","Coleophoridae",110,562,0.2,2,2,110,28,3.92857142857143,"United States, Serbia"
"Hymenoptera","Colletidae",1064,8785,0.12,18,18,1064,116,9.17241379310345,"Australia, New Zealand, Argentina"
"Neuroptera","Coniopterygidae",32,80,0.4,2,2,32,32,1,"New Zealand, Gabon"
"Diptera","Conopidae",116,262,0.44,4,4,116,58,2,"Germany, Gabon, Canada, United Kingdom"
"Odonata","Corduliidae",6,18,0.33,1,1,6,6,1,"Indonesia"
"Hemiptera","Coreidae",86,868,0.1,4,4,86,70,1.22857142857143,"Hungary, Australia, Gabon"
"Hemiptera","Corixidae",152,152,1,1,1,152,152,1,"Portugal"
"Blattodea","Corydiidae",192,192,1,1,1,192,192,1,"Portugal"
"Coleoptera","Corylophidae",47,3092,0.02,2,2,47,37,1.27027027027027,"New Zealand, Spain, Gabon"
"Lepidoptera","Cosmopterigidae",206,486,0.42,3,3,206,90,2.28888888888889,"United States"
"Lepidoptera","Cossidae",144,149,0.97,1,1,144,144,1,"United States"
"Hymenoptera","Crabronidae",12,475,0.03,1,1,12,12,1,"Gabon"
"Coleoptera","Cryptophagidae",12,6794,0,2,2,12,7,1.71428571428571,"Spain, New Zealand"
"Coleoptera","Cucujidae",12,540,0.02,1,1,12,12,1,"Gabon"
"Diptera","Culicidae",37575,48476,0.78,17,17,37575,1186,31.6821247892074,"Brazil, Canada, Peru, United States, Gabon"
"Coleoptera","Curculionidae",10430,47577,0.22,85,85,10430,801,13.0212234706617,"New Zealand, Portugal, Brazil, Hungary, United Kingdom, Spain, Gabon, Serbia, Sweden, Kenya, Tunisia"
"Hemiptera","Cydnidae",202,641,0.32,4,4,202,193,1.04663212435233,"Portugal, New Zealand, Brazil, Gabon"
"Hemiptera","Delphacidae",1656,5784,0.29,78,11,852,491,1.73523421588595,"United Kingdom, Portugal, Hungary, Gabon"
"Hemiptera","Derbidae",1093,1200,0.91,91,4,49,37,1.32432432432432,"Gabon, Australia, Brazil"
"Coleoptera","Dermestidae",318,1198,0.27,10,10,318,292,1.08904109589041,"New Zealand, Switzerland, Gabon, Spain"
"Coleoptera","Derodontidae",233,292,0.8,1,1,233,233,1,"New Zealand"
"Hymenoptera","Diapriidae",120,922,0.13,2,2,120,120,1,"United Kingdom, Gabon"
"Hemiptera","Dictyopharidae",172,188,0.91,5,2,136,94,1.4468085106383,"Hungary, Gabon"
"Diptera","Diopsidae",12,12,1,1,1,12,12,1,"Gabon"
"Diptera","Dixidae",12,31,0.39,1,1,12,12,1,"Gabon"
"Diptera","Dolichopodidae",839,3037,0.28,44,6,383,149,2.57046979865772,"New Zealand, United Kingdom, Canada, Gabon"
"Lepidoptera","Drepanidae",144,677,0.21,1,1,144,144,1,"United States"
"Diptera","Drosophilidae",512,990,0.52,10,10,512,101,5.06930693069307,"Brazil, Germany, Switzerland, Canada, Gabon, United Kingdom, United States"
"Hymenoptera","Dryinidae",32,100,0.32,2,2,32,32,1,"New Zealand, Gabon"
"Coleoptera","Dryopidae",304,337,0.9,1,1,304,152,2,"Portugal"
"Coleoptera","Dynastidae",59,137,0.43,4,4,59,59,1,"Egypt, New Zealand, Spain, Nigeria"
"Coleoptera","Dytiscidae",505,1356,0.37,3,3,505,505,1,"New Zealand, Portugal, United Kingdom, Gabon"
"Blattodea","Ectobiidae",172,988,0.17,2,2,172,172,1,"Portugal, New Zealand"
"Psocodea","Ectopsocidae",672,876,0.77,1,1,672,260,2.58461538461538,"Portugal, United Kingdom"
"Coleoptera","Elateridae",1611,13425,0.12,21,20,1547,728,2.125,"Portugal, New Zealand, Brazil, Canada, Benin, Burkina Faso, Egypt, Spain, France, Gabon, Israel, United Kingdom"
"Psocodea","Elipsocidae",304,336,0.9,1,1,304,152,2,"Portugal"
"Diptera","Empididae",346,1132,0.31,6,6,346,181,1.91160220994475,"Germany, United Kingdom, New Zealand, Gabon"
"Hymenoptera","Encyrtidae",308,500,0.62,23,5,92,32,2.875,"New Zealand, Gabon"
"Coleoptera","Endomychidae",169,646,0.26,3,3,169,169,1,"Portugal, Gabon, Spain"
"Hemiptera","Enicocephalidae",12,135,0.09,1,1,12,12,1,"Gabon"
"Diptera","Ephydridae",356,541,0.66,15,15,356,35,10.1714285714286,"Canada, New Zealand, United States"
"Psocodea","Epipsocidae",152,216,0.7,1,1,152,152,1,"Portugal"
"Lepidoptera","Epipyropidae",64,64,1,1,1,64,64,1,"United States"
"Lepidoptera","Eriocottidae",64,64,1,1,1,64,64,1,"United States"
"Lepidoptera","Eriocraniidae",2,2,1,1,1,2,2,1,"Serbia"
"Coleoptera","Erirhinidae",247,2093,0.12,1,1,247,245,1.00816326530612,"New Zealand"
"Coleoptera","Erotylidae",480,1823,0.26,2,2,480,247,1.94331983805668,"New Zealand, Gabon"
"Hymenoptera","Eucharitidae",60,108,0.56,5,1,12,12,1,"Gabon"
"Coleoptera","Eucinetidae",238,558,0.43,1,1,238,238,1,"New Zealand, Spain"
"Coleoptera","Eucnemidae",12,853,0.01,1,1,12,12,1,"Gabon"
"Hymenoptera","Eulophidae",249,680,0.37,16,5,117,57,2.05263157894737,"Switzerland, Kenya, Gabon"
"Hymenoptera","Eupelmidae",84,136,0.62,7,1,12,12,1,"Gabon"
"Odonata","Euphaeidae",36,36,1,3,3,36,12,3,"Indonesia, India"
"Hymenoptera","Eurytomidae",108,138,0.78,9,1,12,12,1,"Gabon"
"Hymenoptera","Evaniidae",12,27,0.44,1,1,12,12,1,"Gabon"
"Diptera","Fanniidae",488,712,0.69,3,3,488,158,3.08860759493671,"Germany, Canada, United Kingdom, United States, Brazil"
"Hymenoptera","Figitidae",52,486,0.11,3,3,52,32,1.625,"New Zealand, Gabon"
"Hemiptera","Flatidae",283,629,0.45,6,5,271,255,1.06274509803922,"Portugal, Australia, New Zealand, Kenya, Gabon"
"Dermaptera","Forficulidae",327,456,0.72,1,1,327,327,1,"United Kingdom, Portugal, Kenya"
"Hymenoptera","Formicidae",4742,123630,0.04,57,57,4742,1191,3.98152812762385,"Brazil, Colombia, United States, Guatemala, Malaysia, Cote d'Ivoire, Argentina, India, Puerto Rico, Australia, Mexico, Japan, Costa Rica, Kenya, Gabon, United Kingdom, French Guiana"
"Hemiptera","Fulgoridae",60,77,0.78,5,1,12,12,1,"Gabon"
"Hymenoptera","Gasteruptiidae",12,28,0.43,1,1,12,12,1,"Gabon"
"Hemiptera","Gelastocoridae",28,28,1,2,2,28,28,1,"Australia, Gabon"
"Lepidoptera","Gelechiidae",1440,3600,0.4,14,14,1440,502,2.86852589641434,"United States, United Kingdom, Portugal"
"Lepidoptera","Geometridae",12467,37963,0.33,103,103,12467,563,22.1438721136767,"United States, United Republic of Tanzania, Portugal, New Zealand, United Kingdom, Romania, Germany, Gabon"
"Coleoptera","Geotrupidae",35,225,0.16,3,3,35,20,1.75,"France, Italy, United States"
"Diptera","Glossinidae",12,12,1,1,1,12,12,1,"Gabon"
"Odonata","Gomphidae",36,48,0.75,6,6,36,12,3,"Indonesia, India"
"Lepidoptera","Gracillariidae",202,880,0.23,4,4,202,116,1.74137931034483,"Serbia, United States"
"Orthoptera","Gryllacrididae",12,39,0.31,1,1,12,12,1,"Gabon"
"Orthoptera","Gryllidae",268,2614,0.1,6,6,268,256,1.046875,"Portugal, Hungary, Gabon, New Zealand, France, Japan"
"Orthoptera","Gryllotalpidae",12,22,0.55,1,1,12,12,1,"Gabon"
"Hymenoptera","Halictidae",1969,38460,0.05,23,23,1969,593,3.32040472175379,"Colombia, Brazil, Estonia, United States, Australia, Germany, Mexico, Serbia, Belize, Argentina, Canada, Czech Republic, Switzerland, Bolivia, Sweden"
"Lepidoptera","Heliozelidae",2,2,1,1,1,2,2,1,"Serbia"
"Neuroptera","Hemerobiidae",244,412,0.59,4,4,244,224,1.08928571428571,"Portugal, New Zealand, Gabon"
"Lepidoptera","Hepialidae",18,175,0.1,1,1,18,18,1,"New Zealand"
"Lepidoptera","Hesperiidae",1453,5321,0.27,63,63,1453,312,4.65705128205128,"Indonesia, Viet Nam, South Africa, India, Japan, Israel, Portugal, Spain, United States, Greece, Ghana, Palestine"
"Coleoptera","Histeridae",408,2108,0.19,33,10,132,62,2.12903225806452,"Brazil, Egypt, Spain, Gabon, United Kingdom"
"Diptera","Hybotidae",148,564,0.26,7,7,148,38,3.89473684210526,"Canada, Germany"
"Coleoptera","Hydrophilidae",144,3323,0.04,5,5,144,132,1.09090909090909,"United Kingdom, Gabon"
"Hymenoptera","Ichneumonidae",9091,12688,0.72,449,29,4051,407,9.95331695331695,"United States, Germany, New Zealand, Switzerland, Gabon, United Kingdom"
"Hemiptera","Issidae",81,228,0.36,7,2,21,21,1,"Gabon, Brazil"
"Dermaptera","Labiidae",15,15,1,1,1,15,15,1,"Kenya"
"Psocodea","Lachesillidae",192,192,1,1,1,192,192,1,"Portugal"
"Coleoptera","Laemophloeidae",75,640,0.12,3,3,75,21,3.57142857142857,"Brazil, Gabon"
"Coleoptera","Lampyridae",21,434,0.05,2,2,21,21,1,"Gabon, Brazil"
"Lepidoptera","Lasiocampidae",80,1222,0.07,1,1,80,80,1,"United States"
"Coleoptera","Latridiidae",1620,9703,0.17,7,7,1620,629,2.57551669316375,"New Zealand, Portugal, United Kingdom, Sweden, Canada, Gabon"
"Diptera","Lauxaniidae",216,266,0.81,9,9,216,102,2.11764705882353,"Canada, New Zealand, Germany, Gabon, Argentina, United States"
"Coleoptera","Leiodidae",302,8215,0.04,6,6,302,154,1.96103896103896,"United Kingdom, New Zealand, Gabon"
"Orthoptera","Lentulidae",272,272,1,3,3,272,68,4,"South Africa"
"Odonata","Lestidae",12,18,0.67,2,2,12,6,2,"Indonesia"
"Hymenoptera","Leucospidae",72,72,1,6,1,12,12,1,"Gabon"
"Odonata","Libellulidae",258,478,0.54,27,27,258,12,21.5,"Indonesia, India"
"Lepidoptera","Limacodidae",1584,1797,0.88,11,11,1584,144,11,"United States"
"Trichoptera","Limnephilidae",192,192,1,1,1,192,192,1,"Portugal"
"Diptera","Lonchaeidae",143,233,0.61,3,3,143,143,1,"United Kingdom, Germany, Canada, United States"
"Diptera","Lonchopteridae",29,204,0.14,1,1,29,29,1,"New Zealand, Canada"
"Lepidoptera","Lycaenidae",3092,11261,0.27,85,85,3092,530,5.83396226415094,"Indonesia, South Africa, Israel, Italy, Viet Nam, Japan, Honduras, India, Spain, Portugal, Sweden, Uganda, Greece, Cameroon, Palestine, Ghana, Cyprus"
"Coleoptera","Lycidae",12,651,0.02,1,1,12,12,1,"Gabon"
"Hemiptera","Lygaeidae",592,3052,0.19,8,8,592,249,2.37751004016064,"Hungary, Portugal, Brazil, Gabon"
"Lepidoptera","Lymantriidae",496,926,0.54,2,2,496,160,3.1,"United States, Romania"
"Coleoptera","Lymexylidae",12,119,0.1,1,1,12,12,1,"Gabon"
"Lepidoptera","Lyonetiidae",24,1112,0.02,1,1,24,24,1,"Serbia"
"Neuroptera","Mantispidae",12,36,0.33,1,1,12,12,1,"Gabon"
"Hemiptera","Meenoplidae",96,128,0.75,8,1,12,12,1,"Gabon"
"Hymenoptera","Megachilidae",257,16688,0.02,8,8,257,215,1.1953488372093,"United States, Netherlands, Brazil, Colombia, Serbia, Switzerland, Italy"
"Lepidoptera","Megalopygidae",224,224,1,2,2,224,144,1.55555555555556,"United States"
"Odonata","Megapodagrionidae",12,12,1,2,2,12,6,2,"Indonesia"
"Hymenoptera","Megaspilidae",228,280,0.81,2,2,228,228,1,"United Kingdom, Gabon"
"Coleoptera","Melandryidae",1398,4236,0.33,5,5,1398,233,6,"New Zealand"
"Hymenoptera","Melittidae",51,968,0.05,1,1,51,51,1,"United States"
"Coleoptera","Meloidae",30,326,0.09,1,1,30,30,1,"Egypt"
"Coleoptera","Melolonthidae",1677,3590,0.47,4,4,1677,267,6.2808988764045,"New Zealand, Nigeria"
"Coleoptera","Melyridae",198,2224,0.09,6,6,198,178,1.1123595505618,"Portugal, Spain, Gabon, Brazil"
"Hemiptera","Membracidae",254,527,0.48,18,5,98,37,2.64864864864865,"Brazil, Australia, Gabon"
"Diptera","Micropezidae",27,60,0.45,3,3,27,27,1,"Canada, Gabon, United States"
"Hemiptera","Microphysidae",170,170,1,1,1,170,170,1,"Portugal, United Kingdom"
"Lepidoptera","Micropterigidae",152,152,1,1,1,152,152,1,"United Kingdom"
"Diptera","Milichiidae",154,163,0.94,8,8,154,44,3.5,"Canada, Germany, United States"
"Lepidoptera","Mimallonidae",224,272,0.82,3,3,224,144,1.55555555555556,"United States"
"Hemiptera","Miridae",482,7405,0.07,11,11,482,217,2.22119815668203,"Hungary, United Kingdom, Gabon, Brazil"
"Lepidoptera","Momphidae",130,194,0.67,3,3,130,26,5,"United States"
"Coleoptera","Monotomidae",314,1040,0.3,2,2,314,242,1.29752066115702,"New Zealand, Brazil"
"Coleoptera","Mordellidae",106,905,0.12,8,8,106,43,2.46511627906977,"Japan, New Zealand, Spain, Gabon"
"Diptera","Muscidae",1881,3390,0.55,37,37,1881,109,17.256880733945,"Germany, Canada, New Zealand, United States, Brazil, Argentina, Gabon"
"Hymenoptera","Mutillidae",12,220,0.05,1,1,12,12,1,"Gabon"
"Coleoptera","Mycetophagidae",166,2638,0.06,2,2,166,166,1,"Portugal, Gabon, New Zealand"
"Diptera","Mycetophilidae",32,446,0.07,2,2,32,32,1,"New Zealand, Gabon"
"Hymenoptera","Mymaridae",12,349,0.03,1,1,12,12,1,"Gabon"
"Neuroptera","Myrmeleontidae",84,96,0.88,5,5,84,12,7,"Gabon"
"Hemiptera","Nabidae",252,1221,0.21,3,3,252,84,3,"United Kingdom"
"Diptera","Nemestrinidae",16,20,0.8,1,1,16,8,2,"Argentina"
"Coleoptera","Nemonychidae",289,289,1,2,2,289,289,1,"New Zealand, Hungary"
"Lepidoptera","Nepticulidae",40,168,0.24,2,2,40,26,1.53846153846154,"Serbia"
"Coleoptera","Nitidulidae",1753,7225,0.24,12,12,1753,478,3.6673640167364,"New Zealand, Portugal, Australia, Sweden, Gabon, Spain"
"Lepidoptera","Noctuidae",14181,36851,0.38,122,121,14117,648,21.7854938271605,"United States, United Kingdom, New Zealand, Benin, Burkina Faso, Romania, Germany, Kenya"
"Lepidoptera","Nolidae",458,687,0.67,2,2,458,170,2.69411764705882,"United States"
"Lepidoptera","Notodontidae",3428,5759,0.6,15,15,3428,322,10.6459627329193,"United States, United Kingdom"
"Lepidoptera","Nymphalidae",27140,41707,0.65,243,243,27140,1246,21.7817014446228,"Uganda, Honduras, South Africa, Indonesia, Viet Nam, Comoros, Brazil, Malaysia, Benin, Ghana, India, Burkina Faso, Cameroon, Italy, Japan, Sweden, Israel, Spain, Portugal, United Kingdom, Estonia, Germany, New Zealand, United States, Cyprus, Ireland, Romania, Kenya, Greece, Palestine, Nigeria"
"Lepidoptera","Oecophoridae",1575,1703,0.92,15,15,1575,271,5.81180811808118,"United States, United Kingdom, Germany"
"Coleoptera","Oedemeridae",4,693,0.01,1,1,4,2,2,"Brazil"
"Diptera","Opomyzidae",44,44,1,2,2,44,44,1,"Germany, Canada, United States"
"Lepidoptera","Opostegidae",64,154,0.42,1,1,64,64,1,"United States"
"Orthoptera","Pamphagidae",137,137,1,3,3,137,137,1,"South Africa, United Republic of Tanzania"
"Mecoptera","Panorpidae",29,74,0.39,1,1,29,29,1,"Germany"
"Lepidoptera","Papilionidae",882,2335,0.38,14,14,882,399,2.21052631578947,"South Africa, Viet Nam, India, Italy, Israel, Honduras, Japan, Indonesia, Portugal, United States, Palestine"
"Hemiptera","Pentatomidae",570,2924,0.19,18,18,570,132,4.31818181818182,"Hungary, Australia, New Zealand, Gabon, United Kingdom"
"Hymenoptera","Perilampidae",96,96,1,8,1,12,12,1,"Gabon"
"Psocodea","Peripsocidae",152,152,1,1,1,152,152,1,"Portugal"
"Diptera","Periscelididae",21,80,0.26,2,2,21,15,1.4,"Canada, United States"
"Coleoptera","Phalacridae",12,195,0.06,1,1,12,12,1,"Gabon"
"Phasmida","Phasmatidae",9,19,0.47,1,1,9,9,1,"Brazil"
"Thysanoptera","Phlaeothripidae",192,686,0.28,1,1,192,192,1,"Portugal"
"Diptera","Phoridae",394,1179,0.33,10,10,394,169,2.33136094674556,"Germany, United Kingdom, New Zealand, Gabon"
"Lepidoptera","Pieridae",2696,7658,0.35,32,32,2696,382,7.05759162303665,"Honduras, South Africa, Comoros, India, Viet Nam, Israel, Portugal, Indonesia, Japan, Cameroon, Gabon, Greece, United States, Cyprus, Palestine"
"Hemiptera","Piesmatidae",16,176,0.09,1,1,16,16,1,"Australia"
"Diptera","Piophilidae",6,12,0.5,1,1,6,6,1,"Canada, United States"
"Diptera","Pipunculidae",219,648,0.34,11,11,219,21,10.4285714285714,"Gabon, Canada"
"Hemiptera","Plataspidae",12,192,0.06,1,1,12,12,1,"Gabon"
"Odonata","Platycnemididae",54,54,1,3,3,54,12,4.5,"India, Indonesia"
"Hymenoptera","Platygastridae",52,218,0.24,3,3,52,32,1.625,"New Zealand, Gabon"
"Diptera","Platystomatidae",18,68,0.26,2,2,18,18,1,"Gabon, Canada, United States"
"Hymenoptera","Pompilidae",315,1208,0.26,12,12,315,105,3,"Belize, Ecuador, Switzerland, Gabon"
"Coleoptera","Propalticidae",12,12,1,1,1,12,12,1,"Gabon"
"Coleoptera","Prostomidae",233,233,1,1,1,233,233,1,"New Zealand"
"Odonata","Protoneuridae",18,18,1,2,2,18,6,3,"Indonesia"
"Diptera","Psilidae",15,24,0.62,2,2,15,15,1,"Canada, United States"
"Lepidoptera","Psychidae",108,209,0.52,1,1,108,108,1,"United Kingdom"
"Diptera","Psychodidae",12,954,0.01,1,1,12,12,1,"Gabon"
"Hymenoptera","Pteromalidae",88,358,0.25,6,3,52,32,1.625,"New Zealand, Gabon"
"Lepidoptera","Pterophoridae",124,394,0.31,4,4,124,98,1.26530612244898,"United States, United Kingdom"
"Coleoptera","Ptiliidae",52,5310,0.01,3,3,52,32,1.625,"New Zealand, Gabon"
"Coleoptera","Ptilodactylidae",12,529,0.02,1,1,12,12,1,"Gabon"
"Coleoptera","Ptinidae",20,131,0.15,2,2,20,10,2,"Spain, United Kingdom"
"Lepidoptera","Pyralidae",2382,3221,0.74,28,28,2382,278,8.56834532374101,"United States, United Kingdom"
"Orthoptera","Pyrgomorphidae",680,680,1,19,12,596,183,3.2568306010929,"South Africa, Gabon, Australia, United Republic of Tanzania, Kenya, Brazil"
"Coleoptera","Pyrochroidae",12,395,0.03,1,1,12,12,1,"Gabon"
"Hemiptera","Pyrrhocoridae",21,289,0.07,2,2,21,21,1,"Gabon, Brazil"
"Hemiptera","Reduviidae",208,2428,0.09,5,5,208,180,1.15555555555556,"Portugal, Australia, Gabon"
"Diptera","Rhagionidae",48,81,0.59,4,4,48,21,2.28571428571429,"Canada, Gabon"
"Diptera","Rhinophoridae",87,87,1,3,3,87,29,3,"Germany"
"Coleoptera","Rhipiphoridae",245,525,0.47,2,2,245,245,1,"New Zealand, Gabon"
"Hemiptera","Ricaniidae",100,100,1,8,4,52,52,1,"New Zealand, Australia, Gabon, Nigeria"
"Lepidoptera","Riodinidae",192,705,0.27,8,8,192,68,2.82352941176471,"Honduras, Indonesia, Viet Nam, India"
"Orthoptera","Romaleidae",8,13,0.62,5,5,8,2,4,"Brazil"
"Coleoptera","Rutelidae",154,207,0.74,2,2,154,154,1,"Portugal, Brazil"
"Hemiptera","Saldidae",12,352,0.03,1,1,12,12,1,"Gabon"
"Coleoptera","Salpingidae",257,706,0.36,3,3,257,245,1.04897959183673,"New Zealand, Gabon"
"Diptera","Sarcophagidae",1870,2311,0.81,29,29,1870,123,15.2032520325203,"Argentina, Germany, Canada, Brazil, New Zealand, United States, Gabon"
"Lepidoptera","Saturniidae",1630,1666,0.98,10,10,1630,170,9.58823529411765,"United States"
"Coleoptera","Scarabaeidae",7989,93496,0.09,132,44,6933,1483,4.67498314227916,"Brazil, Malaysia, Argentina, New Zealand, United Republic of Tanzania, South Africa, Mozambique, United Kingdom, Mexico, Gabon, Germany, Uganda, Ecuador"
"Diptera","Scathophagidae",176,250,0.7,3,3,176,44,4,"Canada, Germany, United States"
"Diptera","Scatopsidae",99,195,0.51,4,4,99,41,2.41463414634146,"Germany, Gabon"
"Hymenoptera","Scelionidae",52,839,0.06,3,3,52,32,1.625,"New Zealand, Gabon"
"Hemiptera","Schizopteridae",12,279,0.04,1,1,12,12,1,"Gabon"
"Diptera","Sciaridae",99,709,0.14,4,4,99,41,2.41463414634146,"Germany, Gabon"
"Diptera","Sciomyzidae",551,650,0.85,13,13,551,38,14.5,"Ireland, Canada, United States"
"Coleoptera","Scirtidae",24,15147,0,2,2,24,12,2,"Gabon"
"Hymenoptera","Scoliidae",12,41,0.29,1,1,12,12,1,"Gabon"
"Coleoptera","Scraptiidae",12,1504,0.01,1,1,12,12,1,"Gabon"
"Hemiptera","Scutelleridae",108,378,0.29,2,2,108,108,1,"Nicaragua, Gabon"
"Coleoptera","Scydmaenidae",169,4541,0.04,2,2,169,169,1,"Portugal, Gabon, United Kingdom"
"Diptera","Sepsidae",6,298,0.02,1,1,6,6,1,"Canada, United States"
"Coleoptera","Silphidae",27,894,0.03,1,1,27,27,1,"Sweden"
"Coleoptera","Silvanidae",206,904,0.23,5,5,206,189,1.08994708994709,"Portugal, Gabon, New Zealand, Spain"
"Neuroptera","Sisyridae",12,12,1,1,1,12,12,1,"Gabon"
"Diptera","Sphaeroceridae",281,624,0.45,12,12,281,35,8.02857142857143,"Canada, United States, New Zealand"
"Hymenoptera","Sphecidae",116,1126,0.1,5,5,116,86,1.34883720930233,"Switzerland, Bolivia, New Zealand, Gabon"
"Coleoptera","Sphindidae",12,75,0.16,1,1,12,12,1,"Gabon"
"Lepidoptera","Sphingidae",876,1550,0.57,9,9,876,234,3.74358974358974,"United States, Benin, Burkina Faso"
"Coleoptera","Staphylinidae",3093,116763,0.03,40,40,3093,1002,3.08682634730539,"United Kingdom, New Zealand, Portugal, Brazil, Sweden, Gabon, Australia, Israel"
"Coleoptera","Stenotrachelidae",80,160,0.5,1,1,80,80,1,"Canada"
"Diptera","Stratiomyidae",215,620,0.35,11,11,215,102,2.1078431372549,"New Zealand, Canada, Germany, United Kingdom, Gabon"
"Diptera","Syrphidae",1063,8862,0.12,51,19,679,306,2.21895424836601,"Germany, United Kingdom, Canada, United States, Argentina, Ireland, New Zealand, Serbia, Gabon, Netherlands"
"Diptera","Tabanidae",390,708,0.55,6,6,390,129,3.02325581395349,"Canada, United Kingdom, Gabon"
"Diptera","Tachinidae",1781,2977,0.6,79,79,1781,130,13.7,"Germany, Canada, New Zealand, United States, Gabon, United Kingdom, Nigeria"
"Coleoptera","Tenebrionidae",3135,7880,0.4,76,20,2463,846,2.9113475177305,"New Zealand, United Kingdom, Portugal, Egypt, Sweden, Gabon, Spain, Israel"
"Hymenoptera","Tenthredinidae",548,608,0.9,10,10,548,93,5.89247311827957,"Germany, New Zealand, Serbia, Gabon, United Kingdom"
"Diptera","Tephritidae",1043,1221,0.85,50,17,647,84,7.70238095238095,"Democratic Republic of the Congo, Germany, Canada, Gabon, United Kingdom, Brazil, United States"
"Hymenoptera","Tetracampidae",24,24,1,2,1,12,12,1,"Gabon"
"Orthoptera","Tetrigidae",34,1074,0.03,3,3,34,22,1.54545454545455,"Gabon, Greece"
"Hemiptera","Tettigometridae",24,106,0.23,2,1,12,12,1,"Gabon"
"Orthoptera","Tettigoniidae",658,3176,0.21,17,17,658,361,1.82271468144044,"France, United States, Hungary, Japan, Switzerland, Greece, Australia, Gabon"
"Hemiptera","Thaumastocoridae",32,91,0.35,2,2,32,16,2,"Australia"
"Diptera","Therevidae",41,79,0.52,2,2,41,41,1,"Germany, Gabon"
"Thysanoptera","Thripidae",783,1347,0.58,5,5,783,207,3.78260869565217,"Portugal, Kenya"
"Coleoptera","Throscidae",12,406,0.03,1,1,12,12,1,"Gabon"
"Lepidoptera","Tineidae",672,1394,0.48,6,6,672,544,1.23529411764706,"United States, Portugal, United Kingdom, New Zealand"
"Hemiptera","Tingidae",187,1610,0.12,7,7,187,113,1.65486725663717,"Hungary, Australia, Gabon, Brazil"
"Hymenoptera","Tiphiidae",18,80,0.22,2,2,18,18,1,"Gabon, Australia"
"Diptera","Tipulidae",266,1591,0.17,5,5,266,208,1.27884615384615,"United Kingdom, Germany, Puerto Rico, Gabon"
"Lepidoptera","Tischeriidae",114,178,0.64,2,2,114,110,1.03636363636364,"United Kingdom, Serbia"
"Lepidoptera","Tortricidae",6422,7569,0.85,47,47,6422,488,13.1598360655738,"United States, United Kingdom, Portugal, New Zealand, Romania"
"Hymenoptera","Torymidae",288,342,0.84,24,1,12,12,1,"Gabon"
"Psocodea","Trichopsocidae",256,256,1,1,1,256,256,1,"Portugal, United Kingdom"
"Orthoptera","Tridactylidae",24,54,0.44,2,2,24,12,2,"Gabon"
"Coleoptera","Trogidae",6,233,0.03,1,1,6,6,1,"Brazil"
"Psocodea","Trogiidae",344,344,1,2,2,344,192,1.79166666666667,"Portugal"
"Coleoptera","Trogossitidae",577,2802,0.21,7,7,577,279,2.06810035842294,"New Zealand, Brazil, Gabon, Spain"
"Hemiptera","Tropiduchidae",52,52,1,4,2,28,28,1,"Australia, Gabon"
"Diptera","Ulidiidae",104,219,0.47,7,7,104,56,1.85714285714286,"Canada, Germany, Gabon, United States"
"Lepidoptera","Uraniidae",144,149,0.97,2,2,144,144,1,"United States"
"Hymenoptera","Vespidae",153,1124,0.14,7,7,153,33,4.63636363636364,"Belize, Gabon, Australia"
"Diptera","Xylophagidae",21,54,0.39,2,2,21,21,1,"Gabon, Canada"
"Lepidoptera","Yponomeutidae",658,658,1,3,3,658,514,1.28015564202335,"United States, Portugal, United Kingdom"
"Lepidoptera","Ypsolophidae",152,152,1,1,1,152,152,1,"United Kingdom"
"Coleoptera","Zopheridae",2055,9455,0.22,7,7,2055,427,4.81264637002342,"Portugal, New Zealand, Gabon, Spain, United Kingdom"
"Lepidoptera","Zygaenidae",199,1144,0.17,4,4,199,135,1.47407407407407,"United States, Germany, Romania"
